{
    "viscosity": [
        -2.3842605724556666e-11,
        4.647589044656288e-08,
        -3.442981263488202e-07
    ],
    "cp_mass": [
        0.006566419613638221,
        -1.5832646394201058,
        2113.4080752837767
    ],
    "thermal_conductivity": [
        2.564554074688485e-07,
        -3.0002078639372475e-05,
        0.021813666699798707
    ]
}